Month,family,sales
2013-01,AUTOMOTIVE,68.0
2013-01,BABY CARE,0.0
2013-01,BEAUTY,45.0
2013-01,BEVERAGES,28777.0
2013-01,BOOKS,0.0
2013-01,BREAD/BAKERY,8559.680975
2013-01,CELEBRATION,0.0
2013-01,CLEANING,20388.0
2013-01,DAIRY,11789.0
2013-01,DELI,3425.1820000000002
2013-01,EGGS,4573.0
2013-01,FROZEN FOODS,2107.091
2013-01,GROCERY I,53397.0
2013-01,GROCERY II,739.0
2013-01,HARDWARE,55.0
2013-01,HOME AND KITCHEN I,0.0
2013-01,HOME AND KITCHEN II,0.0
2013-01,HOME APPLIANCES,2.0
2013-01,HOME CARE,0.0
2013-01,LADIESWEAR,0.0
2013-01,LAWN AND GARDEN,147.0
2013-01,LINGERIE,374.0
2013-01,"LIQUOR,WINE,BEER",2603.0
2013-01,MAGAZINES,0.0
2013-01,MEATS,9126.79798
2013-01,PERSONAL CARE,3070.0
2013-01,PET SUPPLIES,0.0
2013-01,PLAYERS AND ELECTRONICS,0.0
2013-01,POULTRY,5170.815044
2013-01,PREPARED FOODS,1704.0
2013-01,PRODUCE,0.0
2013-01,SCHOOL AND OFFICE SUPPLIES,0.0
2013-01,SEAFOOD,743.6320055
2013-02,AUTOMOTIVE,38.0
2013-02,BABY CARE,0.0
2013-02,BEAUTY,46.0
2013-02,BEVERAGES,21322.0
2013-02,BOOKS,0.0
2013-02,BREAD/BAKERY,7296.43501
2013-02,CELEBRATION,0.0
2013-02,CLEANING,16373.0
2013-02,DAIRY,10572.0
2013-02,DELI,2819.016004
2013-02,EGGS,3886.0
2013-02,FROZEN FOODS,1913.742
2013-02,GROCERY I,45447.0
2013-02,GROCERY II,584.0
2013-02,HARDWARE,62.0
2013-02,HOME AND KITCHEN I,0.0
2013-02,HOME AND KITCHEN II,0.0
2013-02,HOME APPLIANCES,0.0
2013-02,HOME CARE,0.0
2013-02,LADIESWEAR,0.0
2013-02,LAWN AND GARDEN,98.0
2013-02,LINGERIE,223.0
2013-02,"LIQUOR,WINE,BEER",2124.0
2013-02,MAGAZINES,0.0
2013-02,MEATS,7895.31096
2013-02,PERSONAL CARE,2475.0
2013-02,PET SUPPLIES,0.0
2013-02,PLAYERS AND ELECTRONICS,0.0
2013-02,POULTRY,4404.176043
2013-02,PREPARED FOODS,1547.0
2013-02,PRODUCE,0.0
2013-02,SCHOOL AND OFFICE SUPPLIES,0.0
2013-02,SEAFOOD,688.651997
2013-03,AUTOMOTIVE,59.0
2013-03,BABY CARE,0.0
2013-03,BEAUTY,53.0
2013-03,BEVERAGES,26560.0
2013-03,BOOKS,0.0
2013-03,BREAD/BAKERY,8231.70101
2013-03,CELEBRATION,0.0
2013-03,CLEANING,18370.0
2013-03,DAIRY,12768.0
2013-03,DELI,3363.441
2013-03,EGGS,4548.0
2013-03,FROZEN FOODS,2498.886
2013-03,GROCERY I,52736.0
2013-03,GROCERY II,682.0
2013-03,HARDWARE,43.0
2013-03,HOME AND KITCHEN I,0.0
2013-03,HOME AND KITCHEN II,0.0
2013-03,HOME APPLIANCES,7.0
2013-03,HOME CARE,0.0
2013-03,LADIESWEAR,0.0
2013-03,LAWN AND GARDEN,147.0
2013-03,LINGERIE,239.0
2013-03,"LIQUOR,WINE,BEER",2577.0
2013-03,MAGAZINES,0.0
2013-03,MEATS,8582.166000000001
2013-03,PERSONAL CARE,2528.0
2013-03,PET SUPPLIES,0.0
2013-03,PLAYERS AND ELECTRONICS,0.0
2013-03,POULTRY,4871.852988
2013-03,PREPARED FOODS,1902.0
2013-03,PRODUCE,96.0
2013-03,SCHOOL AND OFFICE SUPPLIES,0.0
2013-03,SEAFOOD,803.180996
2013-04,AUTOMOTIVE,66.0
2013-04,BABY CARE,0.0
2013-04,BEAUTY,51.0
2013-04,BEVERAGES,26527.0
2013-04,BOOKS,0.0
2013-04,BREAD/BAKERY,8756.14999
2013-04,CELEBRATION,0.0
2013-04,CLEANING,18900.0
2013-04,DAIRY,12185.0
2013-04,DELI,3635.464
2013-04,EGGS,4545.0
2013-04,FROZEN FOODS,3201.427994
2013-04,GROCERY I,54654.0
2013-04,GROCERY II,682.0
2013-04,HARDWARE,38.0
2013-04,HOME AND KITCHEN I,0.0
2013-04,HOME AND KITCHEN II,0.0
2013-04,HOME APPLIANCES,9.0
2013-04,HOME CARE,0.0
2013-04,LADIESWEAR,0.0
2013-04,LAWN AND GARDEN,161.0
2013-04,LINGERIE,307.0
2013-04,"LIQUOR,WINE,BEER",2474.0
2013-04,MAGAZINES,0.0
2013-04,MEATS,9049.83998
2013-04,PERSONAL CARE,3100.0
2013-04,PET SUPPLIES,0.0
2013-04,PLAYERS AND ELECTRONICS,0.0
2013-04,POULTRY,4724.897994
2013-04,PREPARED FOODS,1885.0
2013-04,PRODUCE,175.0
2013-04,SCHOOL AND OFFICE SUPPLIES,0.0
2013-04,SEAFOOD,721.7140005
2013-05,AUTOMOTIVE,79.0
2013-05,BABY CARE,0.0
2013-05,BEAUTY,56.0
2013-05,BEVERAGES,25913.0
2013-05,BOOKS,0.0
2013-05,BREAD/BAKERY,8155.529015
2013-05,CELEBRATION,0.0
2013-05,CLEANING,18755.0
2013-05,DAIRY,12335.0
2013-05,DELI,3574.936996
2013-05,EGGS,4466.0
2013-05,FROZEN FOODS,2797.204
2013-05,GROCERY I,55290.0
2013-05,GROCERY II,792.0
2013-05,HARDWARE,33.0
2013-05,HOME AND KITCHEN I,0.0
2013-05,HOME AND KITCHEN II,0.0
2013-05,HOME APPLIANCES,12.0
2013-05,HOME CARE,0.0
2013-05,LADIESWEAR,0.0
2013-05,LAWN AND GARDEN,168.0
2013-05,LINGERIE,326.0
2013-05,"LIQUOR,WINE,BEER",2739.0
2013-05,MAGAZINES,0.0
2013-05,MEATS,9418.36298
2013-05,PERSONAL CARE,2713.0
2013-05,PET SUPPLIES,0.0
2013-05,PLAYERS AND ELECTRONICS,0.0
2013-05,POULTRY,4466.763009
2013-05,PREPARED FOODS,1905.0
2013-05,PRODUCE,232.0
2013-05,SCHOOL AND OFFICE SUPPLIES,0.0
2013-05,SEAFOOD,738.856004
2013-06,AUTOMOTIVE,66.0
2013-06,BABY CARE,0.0
2013-06,BEAUTY,45.0
2013-06,BEVERAGES,26806.0
2013-06,BOOKS,0.0
2013-06,BREAD/BAKERY,8030.06002
2013-06,CELEBRATION,0.0
2013-06,CLEANING,17884.0
2013-06,DAIRY,11923.0
2013-06,DELI,3163.2219959999998
2013-06,EGGS,4329.0
2013-06,FROZEN FOODS,3313.055
2013-06,GROCERY I,55364.0
2013-06,GROCERY II,689.0
2013-06,HARDWARE,31.0
2013-06,HOME AND KITCHEN I,0.0
2013-06,HOME AND KITCHEN II,0.0
2013-06,HOME APPLIANCES,7.0
2013-06,HOME CARE,0.0
2013-06,LADIESWEAR,0.0
2013-06,LAWN AND GARDEN,143.0
2013-06,LINGERIE,226.0
2013-06,"LIQUOR,WINE,BEER",2839.0
2013-06,MAGAZINES,0.0
2013-06,MEATS,9151.79498
2013-06,PERSONAL CARE,2474.0
2013-06,PET SUPPLIES,0.0
2013-06,PLAYERS AND ELECTRONICS,0.0
2013-06,POULTRY,4809.043
2013-06,PREPARED FOODS,1945.0
2013-06,PRODUCE,195.0
2013-06,SCHOOL AND OFFICE SUPPLIES,0.0
2013-06,SEAFOOD,618.2520030000001
2013-07,AUTOMOTIVE,70.0
2013-07,BABY CARE,0.0
2013-07,BEAUTY,79.0
2013-07,BEVERAGES,25611.0
2013-07,BOOKS,0.0
2013-07,BREAD/BAKERY,7743.537004
2013-07,CELEBRATION,0.0
2013-07,CLEANING,18525.0
2013-07,DAIRY,12504.0
2013-07,DELI,3089.748
2013-07,EGGS,4500.0
2013-07,FROZEN FOODS,3428.599
2013-07,GROCERY I,57737.0
2013-07,GROCERY II,703.0
2013-07,HARDWARE,23.0
2013-07,HOME AND KITCHEN I,0.0
2013-07,HOME AND KITCHEN II,0.0
2013-07,HOME APPLIANCES,6.0
2013-07,HOME CARE,0.0
2013-07,LADIESWEAR,0.0
2013-07,LAWN AND GARDEN,161.0
2013-07,LINGERIE,285.0
2013-07,"LIQUOR,WINE,BEER",2571.0
2013-07,MAGAZINES,0.0
2013-07,MEATS,9575.223
2013-07,PERSONAL CARE,2512.0
2013-07,PET SUPPLIES,0.0
2013-07,PLAYERS AND ELECTRONICS,0.0
2013-07,POULTRY,4849.24201
2013-07,PREPARED FOODS,1910.0
2013-07,PRODUCE,188.0
2013-07,SCHOOL AND OFFICE SUPPLIES,0.0
2013-07,SEAFOOD,685.869
2013-08,AUTOMOTIVE,98.0
2013-08,BABY CARE,0.0
2013-08,BEAUTY,63.0
2013-08,BEVERAGES,23883.0
2013-08,BOOKS,0.0
2013-08,BREAD/BAKERY,7425.05698
2013-08,CELEBRATION,0.0
2013-08,CLEANING,17846.0
2013-08,DAIRY,11844.0
2013-08,DELI,3080.630996
2013-08,EGGS,3992.0
2013-08,FROZEN FOODS,3038.249996
2013-08,GROCERY I,54890.0
2013-08,GROCERY II,648.0
2013-08,HARDWARE,58.0
2013-08,HOME AND KITCHEN I,0.0
2013-08,HOME AND KITCHEN II,0.0
2013-08,HOME APPLIANCES,11.0
2013-08,HOME CARE,0.0
2013-08,LADIESWEAR,0.0
2013-08,LAWN AND GARDEN,162.0
2013-08,LINGERIE,206.0
2013-08,"LIQUOR,WINE,BEER",2727.0
2013-08,MAGAZINES,0.0
2013-08,MEATS,9205.006
2013-08,PERSONAL CARE,2807.0
2013-08,PET SUPPLIES,0.0
2013-08,PLAYERS AND ELECTRONICS,0.0
2013-08,POULTRY,4611.348988
2013-08,PREPARED FOODS,1738.0
2013-08,PRODUCE,147.0
2013-08,SCHOOL AND OFFICE SUPPLIES,0.0
2013-08,SEAFOOD,703.0199973
2013-09,AUTOMOTIVE,63.0
2013-09,BABY CARE,0.0
2013-09,BEAUTY,54.0
2013-09,BEVERAGES,25837.0
2013-09,BOOKS,0.0
2013-09,BREAD/BAKERY,8368.798999999999
2013-09,CELEBRATION,0.0
2013-09,CLEANING,17593.0
2013-09,DAIRY,12142.0
2013-09,DELI,3211.5599899999997
2013-09,EGGS,3989.0
2013-09,FROZEN FOODS,3214.171
2013-09,GROCERY I,54105.0
2013-09,GROCERY II,477.0
2013-09,HARDWARE,37.0
2013-09,HOME AND KITCHEN I,0.0
2013-09,HOME AND KITCHEN II,0.0
2013-09,HOME APPLIANCES,12.0
2013-09,HOME CARE,0.0
2013-09,LADIESWEAR,0.0
2013-09,LAWN AND GARDEN,156.0
2013-09,LINGERIE,305.0
2013-09,"LIQUOR,WINE,BEER",2586.0
2013-09,MAGAZINES,0.0
2013-09,MEATS,9198.014054
2013-09,PERSONAL CARE,2625.0
2013-09,PET SUPPLIES,0.0
2013-09,PLAYERS AND ELECTRONICS,0.0
2013-09,POULTRY,5196.943974
2013-09,PREPARED FOODS,1908.0
2013-09,PRODUCE,156.0
2013-09,SCHOOL AND OFFICE SUPPLIES,0.0
2013-09,SEAFOOD,840.992002
2013-10,AUTOMOTIVE,54.0
2013-10,BABY CARE,0.0
2013-10,BEAUTY,54.0
2013-10,BEVERAGES,26243.0
2013-10,BOOKS,0.0
2013-10,BREAD/BAKERY,9023.63499
2013-10,CELEBRATION,0.0
2013-10,CLEANING,18494.0
2013-10,DAIRY,12668.0
2013-10,DELI,3354.434004
2013-10,EGGS,4416.0
2013-10,FROZEN FOODS,3280.627
2013-10,GROCERY I,60112.0
2013-10,GROCERY II,561.0
2013-10,HARDWARE,50.0
2013-10,HOME AND KITCHEN I,0.0
2013-10,HOME AND KITCHEN II,0.0
2013-10,HOME APPLIANCES,8.0
2013-10,HOME CARE,0.0
2013-10,LADIESWEAR,0.0
2013-10,LAWN AND GARDEN,169.0
2013-10,LINGERIE,349.0
2013-10,"LIQUOR,WINE,BEER",2715.0
2013-10,MAGAZINES,0.0
2013-10,MEATS,11047.24009
2013-10,PERSONAL CARE,2837.0
2013-10,PET SUPPLIES,0.0
2013-10,PLAYERS AND ELECTRONICS,0.0
2013-10,POULTRY,6014.513981
2013-10,PREPARED FOODS,2100.903
2013-10,PRODUCE,139.0
2013-10,SCHOOL AND OFFICE SUPPLIES,0.0
2013-10,SEAFOOD,725.368001
2013-11,AUTOMOTIVE,63.0
2013-11,BABY CARE,0.0
2013-11,BEAUTY,54.0
2013-11,BEVERAGES,26028.0
2013-11,BOOKS,0.0
2013-11,BREAD/BAKERY,8427.332
2013-11,CELEBRATION,0.0
2013-11,CLEANING,17583.0
2013-11,DAIRY,15953.0
2013-11,DELI,3401.418
2013-11,EGGS,4199.0
2013-11,FROZEN FOODS,3536.252
2013-11,GROCERY I,60000.0
2013-11,GROCERY II,624.0
2013-11,HARDWARE,49.0
2013-11,HOME AND KITCHEN I,0.0
2013-11,HOME AND KITCHEN II,0.0
2013-11,HOME APPLIANCES,12.0
2013-11,HOME CARE,0.0
2013-11,LADIESWEAR,0.0
2013-11,LAWN AND GARDEN,166.0
2013-11,LINGERIE,229.0
2013-11,"LIQUOR,WINE,BEER",2896.0
2013-11,MAGAZINES,0.0
2013-11,MEATS,12034.19403
2013-11,PERSONAL CARE,3117.0
2013-11,PET SUPPLIES,0.0
2013-11,PLAYERS AND ELECTRONICS,0.0
2013-11,POULTRY,10623.28198
2013-11,PREPARED FOODS,2263.105007
2013-11,PRODUCE,182.0
2013-11,SCHOOL AND OFFICE SUPPLIES,0.0
2013-11,SEAFOOD,649.029001
2013-12,AUTOMOTIVE,57.0
2013-12,BABY CARE,0.0
2013-12,BEAUTY,48.0
2013-12,BEVERAGES,28441.0
2013-12,BOOKS,0.0
2013-12,BREAD/BAKERY,8031.896976
2013-12,CELEBRATION,0.0
2013-12,CLEANING,19313.0
2013-12,DAIRY,17851.0
2013-12,DELI,3300.10001
2013-12,EGGS,4014.0
2013-12,FROZEN FOODS,9786.52401
2013-12,GROCERY I,71909.0
2013-12,GROCERY II,956.0
2013-12,HARDWARE,43.0
2013-12,HOME AND KITCHEN I,0.0
2013-12,HOME AND KITCHEN II,0.0
2013-12,HOME APPLIANCES,8.0
2013-12,HOME CARE,0.0
2013-12,LADIESWEAR,0.0
2013-12,LAWN AND GARDEN,167.0
2013-12,LINGERIE,343.0
2013-12,"LIQUOR,WINE,BEER",4508.0
2013-12,MAGAZINES,0.0
2013-12,MEATS,10789.127
2013-12,PERSONAL CARE,3305.0
2013-12,PET SUPPLIES,0.0
2013-12,PLAYERS AND ELECTRONICS,0.0
2013-12,POULTRY,11036.76701
2013-12,PREPARED FOODS,2300.052002
2013-12,PRODUCE,150.0
2013-12,SCHOOL AND OFFICE SUPPLIES,0.0
2013-12,SEAFOOD,623.374999
2014-01,AUTOMOTIVE,75.0
2014-01,BABY CARE,0.0
2014-01,BEAUTY,72.0
2014-01,BEVERAGES,58162.0
2014-01,BOOKS,0.0
2014-01,BREAD/BAKERY,9304.44602
2014-01,CELEBRATION,442.0
2014-01,CLEANING,20156.0
2014-01,DAIRY,19403.0
2014-01,DELI,3407.8993
2014-01,EGGS,4775.0
2014-01,FROZEN FOODS,3537.442
2014-01,GROCERY I,59247.0
2014-01,GROCERY II,652.0
2014-01,HARDWARE,76.0
2014-01,HOME AND KITCHEN I,505.0
2014-01,HOME AND KITCHEN II,185.0
2014-01,HOME APPLIANCES,11.0
2014-01,HOME CARE,5102.0
2014-01,LADIESWEAR,671.0
2014-01,LAWN AND GARDEN,150.0
2014-01,LINGERIE,243.0
2014-01,"LIQUOR,WINE,BEER",2507.0
2014-01,MAGAZINES,47.0
2014-01,MEATS,10131.52651
2014-01,PERSONAL CARE,3999.0
2014-01,PET SUPPLIES,150.0
2014-01,PLAYERS AND ELECTRONICS,258.0
2014-01,POULTRY,12103.70055
2014-01,PREPARED FOODS,2578.447995
2014-01,PRODUCE,72905.89259999999
2014-01,SCHOOL AND OFFICE SUPPLIES,0.0
2014-01,SEAFOOD,807.396499
2014-02,AUTOMOTIVE,85.0
2014-02,BABY CARE,0.0
2014-02,BEAUTY,55.0
2014-02,BEVERAGES,25149.0
2014-02,BOOKS,0.0
2014-02,BREAD/BAKERY,8348.181990000001
2014-02,CELEBRATION,0.0
2014-02,CLEANING,16878.0
2014-02,DAIRY,16165.0
2014-02,DELI,3017.8325
2014-02,EGGS,4107.0
2014-02,FROZEN FOODS,3328.427
2014-02,GROCERY I,54641.0
2014-02,GROCERY II,414.0
2014-02,HARDWARE,41.0
2014-02,HOME AND KITCHEN I,0.0
2014-02,HOME AND KITCHEN II,0.0
2014-02,HOME APPLIANCES,14.0
2014-02,HOME CARE,0.0
2014-02,LADIESWEAR,0.0
2014-02,LAWN AND GARDEN,179.0
2014-02,LINGERIE,149.0
2014-02,"LIQUOR,WINE,BEER",2370.0
2014-02,MAGAZINES,0.0
2014-02,MEATS,9366.29549
2014-02,PERSONAL CARE,2816.0
2014-02,PET SUPPLIES,0.0
2014-02,PLAYERS AND ELECTRONICS,0.0
2014-02,POULTRY,9487.866750000001
2014-02,PREPARED FOODS,2037.435993
2014-02,PRODUCE,125.0
2014-02,SCHOOL AND OFFICE SUPPLIES,0.0
2014-02,SEAFOOD,684.4591999
2014-03,AUTOMOTIVE,97.0
2014-03,BABY CARE,0.0
2014-03,BEAUTY,70.0
2014-03,BEVERAGES,55088.0
2014-03,BOOKS,0.0
2014-03,BREAD/BAKERY,8850.643
2014-03,CELEBRATION,412.0
2014-03,CLEANING,18919.0
2014-03,DAIRY,18516.0
2014-03,DELI,3029.854596
2014-03,EGGS,4613.0
2014-03,FROZEN FOODS,3438.566
2014-03,GROCERY I,58817.0
2014-03,GROCERY II,674.0
2014-03,HARDWARE,63.0
2014-03,HOME AND KITCHEN I,471.0
2014-03,HOME AND KITCHEN II,167.0
2014-03,HOME APPLIANCES,8.0
2014-03,HOME CARE,4400.0
2014-03,LADIESWEAR,438.0
2014-03,LAWN AND GARDEN,280.0
2014-03,LINGERIE,117.0
2014-03,"LIQUOR,WINE,BEER",2301.0
2014-03,MAGAZINES,43.0
2014-03,MEATS,9406.160025
2014-03,PERSONAL CARE,3078.0
2014-03,PET SUPPLIES,193.0
2014-03,PLAYERS AND ELECTRONICS,197.0
2014-03,POULTRY,10338.24466
2014-03,PREPARED FOODS,2448.4600020000003
2014-03,PRODUCE,66442.5951
2014-03,SCHOOL AND OFFICE SUPPLIES,0.0
2014-03,SEAFOOD,998.0215000000001
2014-04,AUTOMOTIVE,76.0
2014-04,BABY CARE,0.0
2014-04,BEAUTY,64.0
2014-04,BEVERAGES,29026.0
2014-04,BOOKS,0.0
2014-04,BREAD/BAKERY,8395.863994
2014-04,CELEBRATION,0.0
2014-04,CLEANING,17042.0
2014-04,DAIRY,18369.0
2014-04,DELI,3080.9297
2014-04,EGGS,4410.0
2014-04,FROZEN FOODS,3403.996
2014-04,GROCERY I,59559.0
2014-04,GROCERY II,673.0
2014-04,HARDWARE,29.0
2014-04,HOME AND KITCHEN I,0.0
2014-04,HOME AND KITCHEN II,0.0
2014-04,HOME APPLIANCES,20.0
2014-04,HOME CARE,0.0
2014-04,LADIESWEAR,0.0
2014-04,LAWN AND GARDEN,242.0
2014-04,LINGERIE,260.0
2014-04,"LIQUOR,WINE,BEER",2603.0
2014-04,MAGAZINES,0.0
2014-04,MEATS,8953.25467
2014-04,PERSONAL CARE,3600.0
2014-04,PET SUPPLIES,0.0
2014-04,PLAYERS AND ELECTRONICS,0.0
2014-04,POULTRY,9530.09847
2014-04,PREPARED FOODS,2793.415
2014-04,PRODUCE,147.0
2014-04,SCHOOL AND OFFICE SUPPLIES,0.0
2014-04,SEAFOOD,860.835298
2014-05,AUTOMOTIVE,63.0
2014-05,BABY CARE,0.0
2014-05,BEAUTY,47.0
2014-05,BEVERAGES,28263.0
2014-05,BOOKS,0.0
2014-05,BREAD/BAKERY,9026.032964
2014-05,CELEBRATION,0.0
2014-05,CLEANING,18658.0
2014-05,DAIRY,18562.0
2014-05,DELI,3348.8215
2014-05,EGGS,4451.0
2014-05,FROZEN FOODS,3180.352
2014-05,GROCERY I,62500.0
2014-05,GROCERY II,684.0
2014-05,HARDWARE,46.0
2014-05,HOME AND KITCHEN I,0.0
2014-05,HOME AND KITCHEN II,0.0
2014-05,HOME APPLIANCES,9.0
2014-05,HOME CARE,0.0
2014-05,LADIESWEAR,0.0
2014-05,LAWN AND GARDEN,206.0
2014-05,LINGERIE,251.0
2014-05,"LIQUOR,WINE,BEER",2656.0
2014-05,MAGAZINES,0.0
2014-05,MEATS,11378.20534
2014-05,PERSONAL CARE,3687.0
2014-05,PET SUPPLIES,0.0
2014-05,PLAYERS AND ELECTRONICS,0.0
2014-05,POULTRY,10756.02704
2014-05,PREPARED FOODS,2585.614997
2014-05,PRODUCE,160.0
2014-05,SCHOOL AND OFFICE SUPPLIES,0.0
2014-05,SEAFOOD,890.1976980000001
2014-06,AUTOMOTIVE,65.0
2014-06,BABY CARE,0.0
2014-06,BEAUTY,53.0
2014-06,BEVERAGES,28613.0
2014-06,BOOKS,0.0
2014-06,BREAD/BAKERY,9007.98994
2014-06,CELEBRATION,0.0
2014-06,CLEANING,18518.0
2014-06,DAIRY,17635.0
2014-06,DELI,3336.7805
2014-06,EGGS,4213.0
2014-06,FROZEN FOODS,3392.897
2014-06,GROCERY I,59838.0
2014-06,GROCERY II,637.0
2014-06,HARDWARE,40.0
2014-06,HOME AND KITCHEN I,0.0
2014-06,HOME AND KITCHEN II,0.0
2014-06,HOME APPLIANCES,11.0
2014-06,HOME CARE,0.0
2014-06,LADIESWEAR,0.0
2014-06,LAWN AND GARDEN,271.0
2014-06,LINGERIE,245.0
2014-06,"LIQUOR,WINE,BEER",4089.0
2014-06,MAGAZINES,0.0
2014-06,MEATS,9810.918834
2014-06,PERSONAL CARE,3616.0
2014-06,PET SUPPLIES,0.0
2014-06,PLAYERS AND ELECTRONICS,0.0
2014-06,POULTRY,9710.479726
2014-06,PREPARED FOODS,2517.760004
2014-06,PRODUCE,161.0
2014-06,SCHOOL AND OFFICE SUPPLIES,0.0
2014-06,SEAFOOD,789.0914025
2014-07,AUTOMOTIVE,108.0
2014-07,BABY CARE,0.0
2014-07,BEAUTY,94.0
2014-07,BEVERAGES,59353.0
2014-07,BOOKS,0.0
2014-07,BREAD/BAKERY,9870.59701
2014-07,CELEBRATION,334.0
2014-07,CLEANING,19686.0
2014-07,DAIRY,18989.0
2014-07,DELI,3269.142
2014-07,EGGS,4368.0
2014-07,FROZEN FOODS,3539.9139999999998
2014-07,GROCERY I,62448.0
2014-07,GROCERY II,734.0
2014-07,HARDWARE,51.0
2014-07,HOME AND KITCHEN I,798.0
2014-07,HOME AND KITCHEN II,161.0
2014-07,HOME APPLIANCES,9.0
2014-07,HOME CARE,4781.0
2014-07,LADIESWEAR,587.0
2014-07,LAWN AND GARDEN,272.0
2014-07,LINGERIE,243.0
2014-07,"LIQUOR,WINE,BEER",2953.0
2014-07,MAGAZINES,40.0
2014-07,MEATS,9285.146005999999
2014-07,PERSONAL CARE,4088.0
2014-07,PET SUPPLIES,195.0
2014-07,PLAYERS AND ELECTRONICS,136.0
2014-07,POULTRY,10015.14899
2014-07,PREPARED FOODS,3078.871009
2014-07,PRODUCE,68491.283
2014-07,SCHOOL AND OFFICE SUPPLIES,8.0
2014-07,SEAFOOD,770.1590002
2014-08,AUTOMOTIVE,68.0
2014-08,BABY CARE,0.0
2014-08,BEAUTY,71.0
2014-08,BEVERAGES,29185.0
2014-08,BOOKS,0.0
2014-08,BREAD/BAKERY,10044.43402
2014-08,CELEBRATION,0.0
2014-08,CLEANING,18578.0
2014-08,DAIRY,17172.0
2014-08,DELI,3030.14
2014-08,EGGS,4179.0
2014-08,FROZEN FOODS,3232.753
2014-08,GROCERY I,58542.0
2014-08,GROCERY II,640.0
2014-08,HARDWARE,30.0
2014-08,HOME AND KITCHEN I,0.0
2014-08,HOME AND KITCHEN II,0.0
2014-08,HOME APPLIANCES,12.0
2014-08,HOME CARE,0.0
2014-08,LADIESWEAR,0.0
2014-08,LAWN AND GARDEN,252.0
2014-08,LINGERIE,224.0
2014-08,"LIQUOR,WINE,BEER",2592.0
2014-08,MAGAZINES,0.0
2014-08,MEATS,9245.508
2014-08,PERSONAL CARE,3888.0
2014-08,PET SUPPLIES,0.0
2014-08,PLAYERS AND ELECTRONICS,0.0
2014-08,POULTRY,10221.90402
2014-08,PREPARED FOODS,2173.916
2014-08,PRODUCE,182.0
2014-08,SCHOOL AND OFFICE SUPPLIES,0.0
2014-08,SEAFOOD,744.083996
2014-09,AUTOMOTIVE,101.0
2014-09,BABY CARE,0.0
2014-09,BEAUTY,67.0
2014-09,BEVERAGES,57604.0
2014-09,BOOKS,0.0
2014-09,BREAD/BAKERY,10840.349
2014-09,CELEBRATION,470.0
2014-09,CLEANING,19700.0
2014-09,DAIRY,19607.0
2014-09,DELI,3243.460996
2014-09,EGGS,4517.0
2014-09,FROZEN FOODS,3313.12699
2014-09,GROCERY I,62179.0
2014-09,GROCERY II,694.0
2014-09,HARDWARE,48.0
2014-09,HOME AND KITCHEN I,746.0
2014-09,HOME AND KITCHEN II,142.0
2014-09,HOME APPLIANCES,23.0
2014-09,HOME CARE,4545.0
2014-09,LADIESWEAR,673.0
2014-09,LAWN AND GARDEN,287.0
2014-09,LINGERIE,268.0
2014-09,"LIQUOR,WINE,BEER",2399.0
2014-09,MAGAZINES,52.0
2014-09,MEATS,9529.64403
2014-09,PERSONAL CARE,4199.0
2014-09,PET SUPPLIES,214.0
2014-09,PLAYERS AND ELECTRONICS,164.0
2014-09,POULTRY,10855.75
2014-09,PREPARED FOODS,2759.694985
2014-09,PRODUCE,67647.677
2014-09,SCHOOL AND OFFICE SUPPLIES,12.0
2014-09,SEAFOOD,644.1780005
2014-10,AUTOMOTIVE,93.0
2014-10,BABY CARE,0.0
2014-10,BEAUTY,53.0
2014-10,BEVERAGES,59812.0
2014-10,BOOKS,0.0
2014-10,BREAD/BAKERY,10888.608
2014-10,CELEBRATION,1704.0
2014-10,CLEANING,20237.0
2014-10,DAIRY,19901.0
2014-10,DELI,3206.462004
2014-10,EGGS,4691.0
2014-10,FROZEN FOODS,3313.445
2014-10,GROCERY I,65279.0
2014-10,GROCERY II,708.0
2014-10,HARDWARE,44.0
2014-10,HOME AND KITCHEN I,830.0
2014-10,HOME AND KITCHEN II,154.0
2014-10,HOME APPLIANCES,15.0
2014-10,HOME CARE,4824.0
2014-10,LADIESWEAR,610.0
2014-10,LAWN AND GARDEN,296.0
2014-10,LINGERIE,255.0
2014-10,"LIQUOR,WINE,BEER",2953.0
2014-10,MAGAZINES,40.0
2014-10,MEATS,9665.21202
2014-10,PERSONAL CARE,3865.0
2014-10,PET SUPPLIES,176.0
2014-10,PLAYERS AND ELECTRONICS,191.0
2014-10,POULTRY,11107.00998
2014-10,PREPARED FOODS,2709.279999
2014-10,PRODUCE,70169.5955
2014-10,SCHOOL AND OFFICE SUPPLIES,17.0
2014-10,SEAFOOD,933.074997
2014-11,AUTOMOTIVE,91.0
2014-11,BABY CARE,0.0
2014-11,BEAUTY,74.0
2014-11,BEVERAGES,54337.0
2014-11,BOOKS,0.0
2014-11,BREAD/BAKERY,9828.258
2014-11,CELEBRATION,464.0
2014-11,CLEANING,18667.0
2014-11,DAIRY,18593.0
2014-11,DELI,3369.859
2014-11,EGGS,4228.0
2014-11,FROZEN FOODS,3076.005995
2014-11,GROCERY I,61701.0
2014-11,GROCERY II,817.0
2014-11,HARDWARE,56.0
2014-11,HOME AND KITCHEN I,596.0
2014-11,HOME AND KITCHEN II,126.0
2014-11,HOME APPLIANCES,0.0
2014-11,HOME CARE,4351.0
2014-11,LADIESWEAR,547.0
2014-11,LAWN AND GARDEN,256.0
2014-11,LINGERIE,220.0
2014-11,"LIQUOR,WINE,BEER",2668.0
2014-11,MAGAZINES,41.0
2014-11,MEATS,8436.89901
2014-11,PERSONAL CARE,3828.0
2014-11,PET SUPPLIES,187.0
2014-11,PLAYERS AND ELECTRONICS,262.0
2014-11,POULTRY,8885.282
2014-11,PREPARED FOODS,2370.1919980000002
2014-11,PRODUCE,66340.998
2014-11,SCHOOL AND OFFICE SUPPLIES,10.0
2014-11,SEAFOOD,763.5029959999999
2014-12,AUTOMOTIVE,97.0
2014-12,BABY CARE,0.0
2014-12,BEAUTY,88.0
2014-12,BEVERAGES,60749.0
2014-12,BOOKS,0.0
2014-12,BREAD/BAKERY,10017.093
2014-12,CELEBRATION,422.0
2014-12,CLEANING,20722.0
2014-12,DAIRY,20602.0
2014-12,DELI,3973.772
2014-12,EGGS,4191.0
2014-12,FROZEN FOODS,9709.18403
2014-12,GROCERY I,77093.0
2014-12,GROCERY II,1182.0
2014-12,HARDWARE,72.0
2014-12,HOME AND KITCHEN I,959.0
2014-12,HOME AND KITCHEN II,270.0
2014-12,HOME APPLIANCES,14.0
2014-12,HOME CARE,4319.0
2014-12,LADIESWEAR,684.0
2014-12,LAWN AND GARDEN,268.0
2014-12,LINGERIE,210.0
2014-12,"LIQUOR,WINE,BEER",5078.0
2014-12,MAGAZINES,70.0
2014-12,MEATS,9693.97698
2014-12,PERSONAL CARE,4099.0
2014-12,PET SUPPLIES,192.0
2014-12,PLAYERS AND ELECTRONICS,255.0
2014-12,POULTRY,9576.58098
2014-12,PREPARED FOODS,2475.632995
2014-12,PRODUCE,71131.76
2014-12,SCHOOL AND OFFICE SUPPLIES,16.0
2014-12,SEAFOOD,783.595999
2015-01,AUTOMOTIVE,91.0
2015-01,BABY CARE,0.0
2015-01,BEAUTY,58.0
2015-01,BEVERAGES,30813.0
2015-01,BOOKS,0.0
2015-01,BREAD/BAKERY,11550.134
2015-01,CELEBRATION,0.0
2015-01,CLEANING,21489.0
2015-01,DAIRY,19090.0
2015-01,DELI,4323.134
2015-01,EGGS,4483.0
2015-01,FROZEN FOODS,3481.561
2015-01,GROCERY I,64238.0
2015-01,GROCERY II,766.0
2015-01,HARDWARE,13.0
2015-01,HOME AND KITCHEN I,745.0
2015-01,HOME AND KITCHEN II,298.0
2015-01,HOME APPLIANCES,13.0
2015-01,HOME CARE,0.0
2015-01,LADIESWEAR,0.0
2015-01,LAWN AND GARDEN,294.0
2015-01,LINGERIE,217.0
2015-01,"LIQUOR,WINE,BEER",3047.0
2015-01,MAGAZINES,0.0
2015-01,MEATS,10651.92606
2015-01,PERSONAL CARE,4738.0
2015-01,PET SUPPLIES,0.0
2015-01,PLAYERS AND ELECTRONICS,0.0
2015-01,POULTRY,9278.754
2015-01,PREPARED FOODS,2605.560998
2015-01,PRODUCE,95.0
2015-01,SCHOOL AND OFFICE SUPPLIES,0.0
2015-01,SEAFOOD,813.934003
2015-02,AUTOMOTIVE,75.0
2015-02,BABY CARE,0.0
2015-02,BEAUTY,52.0
2015-02,BEVERAGES,25147.0
2015-02,BOOKS,0.0
2015-02,BREAD/BAKERY,9558.521
2015-02,CELEBRATION,0.0
2015-02,CLEANING,17746.0
2015-02,DAIRY,16604.0
2015-02,DELI,3745.309
2015-02,EGGS,3969.0
2015-02,FROZEN FOODS,3034.458
2015-02,GROCERY I,56215.0
2015-02,GROCERY II,696.0
2015-02,HARDWARE,21.0
2015-02,HOME AND KITCHEN I,575.0
2015-02,HOME AND KITCHEN II,305.0
2015-02,HOME APPLIANCES,16.0
2015-02,HOME CARE,0.0
2015-02,LADIESWEAR,0.0
2015-02,LAWN AND GARDEN,242.0
2015-02,LINGERIE,174.0
2015-02,"LIQUOR,WINE,BEER",3042.0
2015-02,MAGAZINES,0.0
2015-02,MEATS,8674.84193
2015-02,PERSONAL CARE,3977.0
2015-02,PET SUPPLIES,0.0
2015-02,PLAYERS AND ELECTRONICS,0.0
2015-02,POULTRY,7864.96099
2015-02,PREPARED FOODS,2180.138998
2015-02,PRODUCE,119.0
2015-02,SCHOOL AND OFFICE SUPPLIES,0.0
2015-02,SEAFOOD,782.219997
2015-03,AUTOMOTIVE,91.0
2015-03,BABY CARE,0.0
2015-03,BEAUTY,49.0
2015-03,BEVERAGES,30714.0
2015-03,BOOKS,0.0
2015-03,BREAD/BAKERY,11312.27302
2015-03,CELEBRATION,0.0
2015-03,CLEANING,20702.0
2015-03,DAIRY,20651.0
2015-03,DELI,4321.803
2015-03,EGGS,4525.0
2015-03,FROZEN FOODS,3626.22299
2015-03,GROCERY I,67916.0
2015-03,GROCERY II,642.0
2015-03,HARDWARE,47.0
2015-03,HOME AND KITCHEN I,625.0
2015-03,HOME AND KITCHEN II,255.0
2015-03,HOME APPLIANCES,33.0
2015-03,HOME CARE,0.0
2015-03,LADIESWEAR,0.0
2015-03,LAWN AND GARDEN,271.0
2015-03,LINGERIE,145.0
2015-03,"LIQUOR,WINE,BEER",3191.0
2015-03,MAGAZINES,0.0
2015-03,MEATS,10147.760021
2015-03,PERSONAL CARE,4544.0
2015-03,PET SUPPLIES,0.0
2015-03,PLAYERS AND ELECTRONICS,0.0
2015-03,POULTRY,9120.581979999999
2015-03,PREPARED FOODS,2850.068994
2015-03,PRODUCE,136.0
2015-03,SCHOOL AND OFFICE SUPPLIES,0.0
2015-03,SEAFOOD,842.4339995
2015-04,AUTOMOTIVE,83.0
2015-04,BABY CARE,0.0
2015-04,BEAUTY,42.0
2015-04,BEVERAGES,29615.0
2015-04,BOOKS,0.0
2015-04,BREAD/BAKERY,11095.02097
2015-04,CELEBRATION,0.0
2015-04,CLEANING,20667.0
2015-04,DAIRY,19535.0
2015-04,DELI,4227.182
2015-04,EGGS,4257.0
2015-04,FROZEN FOODS,3229.276996
2015-04,GROCERY I,65581.0
2015-04,GROCERY II,704.0
2015-04,HARDWARE,38.0
2015-04,HOME AND KITCHEN I,625.0
2015-04,HOME AND KITCHEN II,204.0
2015-04,HOME APPLIANCES,17.0
2015-04,HOME CARE,0.0
2015-04,LADIESWEAR,0.0
2015-04,LAWN AND GARDEN,221.0
2015-04,LINGERIE,141.0
2015-04,"LIQUOR,WINE,BEER",2896.0
2015-04,MAGAZINES,30.0
2015-04,MEATS,9812.85706
2015-04,PERSONAL CARE,3903.0
2015-04,PET SUPPLIES,0.0
2015-04,PLAYERS AND ELECTRONICS,0.0
2015-04,POULTRY,8820.67601
2015-04,PREPARED FOODS,2958.3410010000002
2015-04,PRODUCE,106.0
2015-04,SCHOOL AND OFFICE SUPPLIES,0.0
2015-04,SEAFOOD,731.758001
2015-05,AUTOMOTIVE,80.0
2015-05,BABY CARE,0.0
2015-05,BEAUTY,65.0
2015-05,BEVERAGES,41676.0
2015-05,BOOKS,0.0
2015-05,BREAD/BAKERY,11119.32496
2015-05,CELEBRATION,0.0
2015-05,CLEANING,20116.0
2015-05,DAIRY,21008.0
2015-05,DELI,4396.299
2015-05,EGGS,4516.0
2015-05,FROZEN FOODS,3779.724
2015-05,GROCERY I,66099.0
2015-05,GROCERY II,804.0
2015-05,HARDWARE,33.0
2015-05,HOME AND KITCHEN I,579.0
2015-05,HOME AND KITCHEN II,200.0
2015-05,HOME APPLIANCES,8.0
2015-05,HOME CARE,4029.0
2015-05,LADIESWEAR,0.0
2015-05,LAWN AND GARDEN,259.0
2015-05,LINGERIE,167.0
2015-05,"LIQUOR,WINE,BEER",3129.0
2015-05,MAGAZINES,48.0
2015-05,MEATS,10264.65698
2015-05,PERSONAL CARE,4470.0
2015-05,PET SUPPLIES,0.0
2015-05,PLAYERS AND ELECTRONICS,0.0
2015-05,POULTRY,9494.66998
2015-05,PREPARED FOODS,2681.492012
2015-05,PRODUCE,154.0
2015-05,SCHOOL AND OFFICE SUPPLIES,0.0
2015-05,SEAFOOD,787.747
2015-06,AUTOMOTIVE,103.0
2015-06,BABY CARE,0.0
2015-06,BEAUTY,106.0
2015-06,BEVERAGES,62045.0
2015-06,BOOKS,0.0
2015-06,BREAD/BAKERY,11187.343
2015-06,CELEBRATION,430.0
2015-06,CLEANING,19535.0
2015-06,DAIRY,21445.0
2015-06,DELI,4434.922
2015-06,EGGS,4542.0
2015-06,FROZEN FOODS,3579.910004
2015-06,GROCERY I,66759.0
2015-06,GROCERY II,685.0
2015-06,HARDWARE,50.0
2015-06,HOME AND KITCHEN I,750.0
2015-06,HOME AND KITCHEN II,707.0
2015-06,HOME APPLIANCES,0.0
2015-06,HOME CARE,5080.0
2015-06,LADIESWEAR,529.0
2015-06,LAWN AND GARDEN,277.0
2015-06,LINGERIE,192.0
2015-06,"LIQUOR,WINE,BEER",3356.0
2015-06,MAGAZINES,58.0
2015-06,MEATS,10604.61502
2015-06,PERSONAL CARE,4218.0
2015-06,PET SUPPLIES,166.0
2015-06,PLAYERS AND ELECTRONICS,180.0
2015-06,POULTRY,9089.075
2015-06,PREPARED FOODS,2735.300993
2015-06,PRODUCE,71246.4081
2015-06,SCHOOL AND OFFICE SUPPLIES,13.0
2015-06,SEAFOOD,850.9949985000001
2015-07,AUTOMOTIVE,94.0
2015-07,BABY CARE,0.0
2015-07,BEAUTY,62.0
2015-07,BEVERAGES,57789.0
2015-07,BOOKS,0.0
2015-07,BREAD/BAKERY,11824.308
2015-07,CELEBRATION,462.0
2015-07,CLEANING,19965.0
2015-07,DAIRY,20912.0
2015-07,DELI,4531.734
2015-07,EGGS,4460.0
2015-07,FROZEN FOODS,3477.845
2015-07,GROCERY I,66349.0
2015-07,GROCERY II,703.0
2015-07,HARDWARE,45.0
2015-07,HOME AND KITCHEN I,613.0
2015-07,HOME AND KITCHEN II,263.0
2015-07,HOME APPLIANCES,0.0
2015-07,HOME CARE,4685.0
2015-07,LADIESWEAR,467.0
2015-07,LAWN AND GARDEN,247.0
2015-07,LINGERIE,222.0
2015-07,"LIQUOR,WINE,BEER",3440.0
2015-07,MAGAZINES,72.0
2015-07,MEATS,10278.470996
2015-07,PERSONAL CARE,3930.0
2015-07,PET SUPPLIES,177.0
2015-07,PLAYERS AND ELECTRONICS,181.0
2015-07,POULTRY,9347.59804
2015-07,PREPARED FOODS,2772.479998
2015-07,PRODUCE,74361.6951
2015-07,SCHOOL AND OFFICE SUPPLIES,8.0
2015-07,SEAFOOD,866.733
2015-08,AUTOMOTIVE,106.0
2015-08,BABY CARE,0.0
2015-08,BEAUTY,72.0
2015-08,BEVERAGES,57549.0
2015-08,BOOKS,0.0
2015-08,BREAD/BAKERY,11106.507
2015-08,CELEBRATION,436.0
2015-08,CLEANING,19219.0
2015-08,DAIRY,19916.0
2015-08,DELI,4121.354
2015-08,EGGS,4241.0
2015-08,FROZEN FOODS,3469.835
2015-08,GROCERY I,65610.0
2015-08,GROCERY II,703.0
2015-08,HARDWARE,61.0
2015-08,HOME AND KITCHEN I,523.0
2015-08,HOME AND KITCHEN II,466.0
2015-08,HOME APPLIANCES,11.0
2015-08,HOME CARE,4863.0
2015-08,LADIESWEAR,420.0
2015-08,LAWN AND GARDEN,248.0
2015-08,LINGERIE,232.0
2015-08,"LIQUOR,WINE,BEER",3032.0
2015-08,MAGAZINES,70.0
2015-08,MEATS,9979.162994
2015-08,PERSONAL CARE,4229.0
2015-08,PET SUPPLIES,209.0
2015-08,PLAYERS AND ELECTRONICS,222.0
2015-08,POULTRY,8830.360004
2015-08,PREPARED FOODS,2778.847
2015-08,PRODUCE,69608.179
2015-08,SCHOOL AND OFFICE SUPPLIES,11.0
2015-08,SEAFOOD,671.0560045
2015-09,AUTOMOTIVE,93.0
2015-09,BABY CARE,0.0
2015-09,BEAUTY,75.0
2015-09,BEVERAGES,64641.0
2015-09,BOOKS,0.0
2015-09,BREAD/BAKERY,11632.69899
2015-09,CELEBRATION,488.0
2015-09,CLEANING,20516.0
2015-09,DAIRY,20463.0
2015-09,DELI,4745.596
2015-09,EGGS,4272.0
2015-09,FROZEN FOODS,3551.139
2015-09,GROCERY I,68384.0
2015-09,GROCERY II,619.0
2015-09,HARDWARE,56.0
2015-09,HOME AND KITCHEN I,625.0
2015-09,HOME AND KITCHEN II,732.0
2015-09,HOME APPLIANCES,1.0
2015-09,HOME CARE,4981.0
2015-09,LADIESWEAR,502.0
2015-09,LAWN AND GARDEN,278.0
2015-09,LINGERIE,203.0
2015-09,"LIQUOR,WINE,BEER",3096.0
2015-09,MAGAZINES,66.0
2015-09,MEATS,9580.71305
2015-09,PERSONAL CARE,4620.0
2015-09,PET SUPPLIES,129.0
2015-09,PLAYERS AND ELECTRONICS,336.0
2015-09,POULTRY,8936.669
2015-09,PREPARED FOODS,2762.893986
2015-09,PRODUCE,74402.5571
2015-09,SCHOOL AND OFFICE SUPPLIES,11.0
2015-09,SEAFOOD,830.340003
2015-10,AUTOMOTIVE,109.0
2015-10,BABY CARE,0.0
2015-10,BEAUTY,89.0
2015-10,BEVERAGES,59847.0
2015-10,BOOKS,0.0
2015-10,BREAD/BAKERY,11626.02702
2015-10,CELEBRATION,563.0
2015-10,CLEANING,19801.0
2015-10,DAIRY,21606.0
2015-10,DELI,4517.134
2015-10,EGGS,4327.0
2015-10,FROZEN FOODS,3662.302
2015-10,GROCERY I,73869.0
2015-10,GROCERY II,532.0
2015-10,HARDWARE,47.0
2015-10,HOME AND KITCHEN I,749.0
2015-10,HOME AND KITCHEN II,1150.0
2015-10,HOME APPLIANCES,22.0
2015-10,HOME CARE,4929.0
2015-10,LADIESWEAR,482.0
2015-10,LAWN AND GARDEN,288.0
2015-10,LINGERIE,209.0
2015-10,"LIQUOR,WINE,BEER",3426.0
2015-10,MAGAZINES,205.0
2015-10,MEATS,9601.527
2015-10,PERSONAL CARE,4381.0
2015-10,PET SUPPLIES,163.0
2015-10,PLAYERS AND ELECTRONICS,316.0
2015-10,POULTRY,9315.95102
2015-10,PREPARED FOODS,2790.564002
2015-10,PRODUCE,75097.0119
2015-10,SCHOOL AND OFFICE SUPPLIES,18.0
2015-10,SEAFOOD,894.590999
2015-11,AUTOMOTIVE,96.0
2015-11,BABY CARE,0.0
2015-11,BEAUTY,70.0
2015-11,BEVERAGES,54810.0
2015-11,BOOKS,0.0
2015-11,BREAD/BAKERY,10874.701
2015-11,CELEBRATION,439.0
2015-11,CLEANING,18719.0
2015-11,DAIRY,21028.0
2015-11,DELI,4026.515
2015-11,EGGS,3981.0
2015-11,FROZEN FOODS,3546.901
2015-11,GROCERY I,67104.0
2015-11,GROCERY II,607.0
2015-11,HARDWARE,46.0
2015-11,HOME AND KITCHEN I,580.0
2015-11,HOME AND KITCHEN II,625.0
2015-11,HOME APPLIANCES,12.0
2015-11,HOME CARE,4273.0
2015-11,LADIESWEAR,365.0
2015-11,LAWN AND GARDEN,213.0
2015-11,LINGERIE,182.0
2015-11,"LIQUOR,WINE,BEER",3224.0
2015-11,MAGAZINES,177.0
2015-11,MEATS,8692.424994
2015-11,PERSONAL CARE,3813.0
2015-11,PET SUPPLIES,180.0
2015-11,PLAYERS AND ELECTRONICS,290.0
2015-11,POULTRY,8987.49299
2015-11,PREPARED FOODS,2756.173976
2015-11,PRODUCE,69829.334
2015-11,SCHOOL AND OFFICE SUPPLIES,17.0
2015-11,SEAFOOD,801.2379985
2015-12,AUTOMOTIVE,130.0
2015-12,BABY CARE,0.0
2015-12,BEAUTY,84.0
2015-12,BEVERAGES,63233.0
2015-12,BOOKS,0.0
2015-12,BREAD/BAKERY,10635.25298
2015-12,CELEBRATION,648.0
2015-12,CLEANING,21665.0
2015-12,DAIRY,23065.0
2015-12,DELI,4373.74399
2015-12,EGGS,4230.0
2015-12,FROZEN FOODS,17163.15398
2015-12,GROCERY I,85544.0
2015-12,GROCERY II,903.0
2015-12,HARDWARE,63.0
2015-12,HOME AND KITCHEN I,792.0
2015-12,HOME AND KITCHEN II,913.0
2015-12,HOME APPLIANCES,12.0
2015-12,HOME CARE,4924.0
2015-12,LADIESWEAR,538.0
2015-12,LAWN AND GARDEN,255.0
2015-12,LINGERIE,156.0
2015-12,"LIQUOR,WINE,BEER",5755.0
2015-12,MAGAZINES,245.0
2015-12,MEATS,9453.60802
2015-12,PERSONAL CARE,4414.0
2015-12,PET SUPPLIES,206.0
2015-12,PLAYERS AND ELECTRONICS,338.0
2015-12,POULTRY,8967.87103
2015-12,PREPARED FOODS,2884.896005
2015-12,PRODUCE,76804.045
2015-12,SCHOOL AND OFFICE SUPPLIES,2.0
2015-12,SEAFOOD,707.423999
2016-01,AUTOMOTIVE,146.0
2016-01,BABY CARE,0.0
2016-01,BEAUTY,51.0
2016-01,BEVERAGES,60866.0
2016-01,BOOKS,0.0
2016-01,BREAD/BAKERY,11001.805
2016-01,CELEBRATION,438.0
2016-01,CLEANING,21122.0
2016-01,DAIRY,22474.0
2016-01,DELI,3902.879
2016-01,EGGS,4417.0
2016-01,FROZEN FOODS,3574.506004
2016-01,GROCERY I,69561.0
2016-01,GROCERY II,571.0
2016-01,HARDWARE,22.0
2016-01,HOME AND KITCHEN I,587.0
2016-01,HOME AND KITCHEN II,594.0
2016-01,HOME APPLIANCES,16.0
2016-01,HOME CARE,4936.0
2016-01,LADIESWEAR,473.0
2016-01,LAWN AND GARDEN,195.0
2016-01,LINGERIE,86.0
2016-01,"LIQUOR,WINE,BEER",3105.0
2016-01,MAGAZINES,201.0
2016-01,MEATS,9133.71007
2016-01,PERSONAL CARE,4570.0
2016-01,PET SUPPLIES,174.0
2016-01,PLAYERS AND ELECTRONICS,292.0
2016-01,POULTRY,8969.57404
2016-01,PREPARED FOODS,2639.61499
2016-01,PRODUCE,78766.1681
2016-01,SCHOOL AND OFFICE SUPPLIES,0.0
2016-01,SEAFOOD,813.241
2016-02,AUTOMOTIVE,129.0
2016-02,BABY CARE,0.0
2016-02,BEAUTY,57.0
2016-02,BEVERAGES,57020.0
2016-02,BOOKS,0.0
2016-02,BREAD/BAKERY,10208.171984999999
2016-02,CELEBRATION,428.0
2016-02,CLEANING,18011.0
2016-02,DAIRY,20116.0
2016-02,DELI,3538.275
2016-02,EGGS,4088.0
2016-02,FROZEN FOODS,3193.054004
2016-02,GROCERY I,66589.0
2016-02,GROCERY II,537.0
2016-02,HARDWARE,42.0
2016-02,HOME AND KITCHEN I,419.0
2016-02,HOME AND KITCHEN II,781.0
2016-02,HOME APPLIANCES,15.0
2016-02,HOME CARE,4572.0
2016-02,LADIESWEAR,410.0
2016-02,LAWN AND GARDEN,216.0
2016-02,LINGERIE,110.0
2016-02,"LIQUOR,WINE,BEER",2957.0
2016-02,MAGAZINES,212.0
2016-02,MEATS,7963.532996
2016-02,PERSONAL CARE,4186.0
2016-02,PET SUPPLIES,144.0
2016-02,PLAYERS AND ELECTRONICS,251.0
2016-02,POULTRY,7952.21601
2016-02,PREPARED FOODS,2472.988995
2016-02,PRODUCE,71098.9439
2016-02,SCHOOL AND OFFICE SUPPLIES,3.0
2016-02,SEAFOOD,814.327002
2016-03,AUTOMOTIVE,168.0
2016-03,BABY CARE,0.0
2016-03,BEAUTY,76.0
2016-03,BEVERAGES,61839.0
2016-03,BOOKS,0.0
2016-03,BREAD/BAKERY,11845.90397
2016-03,CELEBRATION,413.0
2016-03,CLEANING,19127.0
2016-03,DAIRY,22763.0
2016-03,DELI,3766.204
2016-03,EGGS,4426.0
2016-03,FROZEN FOODS,3422.8959999999997
2016-03,GROCERY I,73822.0
2016-03,GROCERY II,671.0
2016-03,HARDWARE,31.0
2016-03,HOME AND KITCHEN I,482.0
2016-03,HOME AND KITCHEN II,832.0
2016-03,HOME APPLIANCES,0.0
2016-03,HOME CARE,4933.0
2016-03,LADIESWEAR,420.0
2016-03,LAWN AND GARDEN,258.0
2016-03,LINGERIE,102.0
2016-03,"LIQUOR,WINE,BEER",3253.0
2016-03,MAGAZINES,240.0
2016-03,MEATS,8316.98501
2016-03,PERSONAL CARE,4454.0
2016-03,PET SUPPLIES,147.0
2016-03,PLAYERS AND ELECTRONICS,295.0
2016-03,POULTRY,8551.842
2016-03,PREPARED FOODS,3096.970002
2016-03,PRODUCE,75112.7278
2016-03,SCHOOL AND OFFICE SUPPLIES,4.0
2016-03,SEAFOOD,820.2609965
2016-04,AUTOMOTIVE,159.0
2016-04,BABY CARE,0.0
2016-04,BEAUTY,101.0
2016-04,BEVERAGES,69412.0
2016-04,BOOKS,0.0
2016-04,BREAD/BAKERY,12087.514
2016-04,CELEBRATION,524.0
2016-04,CLEANING,22929.0
2016-04,DAIRY,22700.0
2016-04,DELI,3929.18
2016-04,EGGS,4228.0
2016-04,FROZEN FOODS,3081.217
2016-04,GROCERY I,96190.0
2016-04,GROCERY II,611.0
2016-04,HARDWARE,76.0
2016-04,HOME AND KITCHEN I,543.0
2016-04,HOME AND KITCHEN II,1155.0
2016-04,HOME APPLIANCES,4.0
2016-04,HOME CARE,6548.0
2016-04,LADIESWEAR,392.0
2016-04,LAWN AND GARDEN,214.0
2016-04,LINGERIE,101.0
2016-04,"LIQUOR,WINE,BEER",3175.0
2016-04,MAGAZINES,218.0
2016-04,MEATS,9533.316038
2016-04,PERSONAL CARE,6252.0
2016-04,PET SUPPLIES,176.0
2016-04,PLAYERS AND ELECTRONICS,318.0
2016-04,POULTRY,9081.623
2016-04,PREPARED FOODS,2611.773
2016-04,PRODUCE,73592.087
2016-04,SCHOOL AND OFFICE SUPPLIES,7.0
2016-04,SEAFOOD,751.855001
2016-05,AUTOMOTIVE,146.0
2016-05,BABY CARE,0.0
2016-05,BEAUTY,66.0
2016-05,BEVERAGES,58311.0
2016-05,BOOKS,0.0
2016-05,BREAD/BAKERY,12652.612
2016-05,CELEBRATION,406.0
2016-05,CLEANING,19850.0
2016-05,DAIRY,22922.0
2016-05,DELI,3772.911
2016-05,EGGS,4144.0
2016-05,FROZEN FOODS,3353.854
2016-05,GROCERY I,75189.0
2016-05,GROCERY II,598.0
2016-05,HARDWARE,51.0
2016-05,HOME AND KITCHEN I,582.0
2016-05,HOME AND KITCHEN II,603.0
2016-05,HOME APPLIANCES,27.0
2016-05,HOME CARE,4945.0
2016-05,LADIESWEAR,473.0
2016-05,LAWN AND GARDEN,268.0
2016-05,LINGERIE,143.0
2016-05,"LIQUOR,WINE,BEER",2892.0
2016-05,MAGAZINES,193.0
2016-05,MEATS,9053.70401
2016-05,PERSONAL CARE,4656.0
2016-05,PET SUPPLIES,194.0
2016-05,PLAYERS AND ELECTRONICS,237.0
2016-05,POULTRY,8444.004
2016-05,PREPARED FOODS,2707.291995
2016-05,PRODUCE,74612.6182
2016-05,SCHOOL AND OFFICE SUPPLIES,1.0
2016-05,SEAFOOD,779.399999
2016-06,AUTOMOTIVE,123.0
2016-06,BABY CARE,0.0
2016-06,BEAUTY,83.0
2016-06,BEVERAGES,56627.0
2016-06,BOOKS,0.0
2016-06,BREAD/BAKERY,12768.057
2016-06,CELEBRATION,476.0
2016-06,CLEANING,19302.0
2016-06,DAIRY,22680.0
2016-06,DELI,3840.076
2016-06,EGGS,3920.0
2016-06,FROZEN FOODS,3371.23999
2016-06,GROCERY I,74182.0
2016-06,GROCERY II,646.0
2016-06,HARDWARE,55.0
2016-06,HOME AND KITCHEN I,699.0
2016-06,HOME AND KITCHEN II,565.0
2016-06,HOME APPLIANCES,2.0
2016-06,HOME CARE,4674.0
2016-06,LADIESWEAR,450.0
2016-06,LAWN AND GARDEN,224.0
2016-06,LINGERIE,107.0
2016-06,"LIQUOR,WINE,BEER",2817.0
2016-06,MAGAZINES,180.0
2016-06,MEATS,9035.306974000001
2016-06,PERSONAL CARE,4276.0
2016-06,PET SUPPLIES,137.0
2016-06,PLAYERS AND ELECTRONICS,303.0
2016-06,POULTRY,8699.81502
2016-06,PREPARED FOODS,2688.655995
2016-06,PRODUCE,73942.8599
2016-06,SCHOOL AND OFFICE SUPPLIES,4.0
2016-06,SEAFOOD,793.196
2016-07,AUTOMOTIVE,136.0
2016-07,BABY CARE,0.0
2016-07,BEAUTY,73.0
2016-07,BEVERAGES,57558.0
2016-07,BOOKS,0.0
2016-07,BREAD/BAKERY,12206.05802
2016-07,CELEBRATION,496.0
2016-07,CLEANING,20436.0
2016-07,DAIRY,22457.0
2016-07,DELI,3777.8250000000003
2016-07,EGGS,4143.0
2016-07,FROZEN FOODS,3418.154
2016-07,GROCERY I,73278.0
2016-07,GROCERY II,420.0
2016-07,HARDWARE,66.0
2016-07,HOME AND KITCHEN I,467.0
2016-07,HOME AND KITCHEN II,793.0
2016-07,HOME APPLIANCES,0.0
2016-07,HOME CARE,4757.0
2016-07,LADIESWEAR,449.0
2016-07,LAWN AND GARDEN,184.0
2016-07,LINGERIE,103.0
2016-07,"LIQUOR,WINE,BEER",3554.0
2016-07,MAGAZINES,189.0
2016-07,MEATS,9552.347005
2016-07,PERSONAL CARE,4203.0
2016-07,PET SUPPLIES,161.0
2016-07,PLAYERS AND ELECTRONICS,341.0
2016-07,POULTRY,8914.12204
2016-07,PREPARED FOODS,2633.184
2016-07,PRODUCE,71384.556
2016-07,SCHOOL AND OFFICE SUPPLIES,4.0
2016-07,SEAFOOD,828.9230024999999
2016-08,AUTOMOTIVE,128.0
2016-08,BABY CARE,0.0
2016-08,BEAUTY,84.0
2016-08,BEVERAGES,59010.0
2016-08,BOOKS,0.0
2016-08,BREAD/BAKERY,11605.158
2016-08,CELEBRATION,452.0
2016-08,CLEANING,18995.0
2016-08,DAIRY,21094.0
2016-08,DELI,3846.355
2016-08,EGGS,3826.0
2016-08,FROZEN FOODS,3187.746
2016-08,GROCERY I,69767.0
2016-08,GROCERY II,471.0
2016-08,HARDWARE,44.0
2016-08,HOME AND KITCHEN I,1207.0
2016-08,HOME AND KITCHEN II,708.0
2016-08,HOME APPLIANCES,0.0
2016-08,HOME CARE,4766.0
2016-08,LADIESWEAR,409.0
2016-08,LAWN AND GARDEN,250.0
2016-08,LINGERIE,47.0
2016-08,"LIQUOR,WINE,BEER",3373.0
2016-08,MAGAZINES,209.0
2016-08,MEATS,8617.53599
2016-08,PERSONAL CARE,4257.0
2016-08,PET SUPPLIES,137.0
2016-08,PLAYERS AND ELECTRONICS,312.0
2016-08,POULTRY,8292.51699
2016-08,PREPARED FOODS,2358.128995
2016-08,PRODUCE,70041.12
2016-08,SCHOOL AND OFFICE SUPPLIES,10.0
2016-08,SEAFOOD,811.123998
2016-09,AUTOMOTIVE,109.0
2016-09,BABY CARE,0.0
2016-09,BEAUTY,118.0
2016-09,BEVERAGES,60684.0
2016-09,BOOKS,0.0
2016-09,BREAD/BAKERY,12174.787
2016-09,CELEBRATION,500.0
2016-09,CLEANING,19579.0
2016-09,DAIRY,21513.0
2016-09,DELI,3816.148
2016-09,EGGS,3819.0
2016-09,FROZEN FOODS,3096.768
2016-09,GROCERY I,70531.0
2016-09,GROCERY II,499.0
2016-09,HARDWARE,45.0
2016-09,HOME AND KITCHEN I,559.0
2016-09,HOME AND KITCHEN II,715.0
2016-09,HOME APPLIANCES,0.0
2016-09,HOME CARE,4882.0
2016-09,LADIESWEAR,400.0
2016-09,LAWN AND GARDEN,242.0
2016-09,LINGERIE,100.0
2016-09,"LIQUOR,WINE,BEER",3145.0
2016-09,MAGAZINES,245.0
2016-09,MEATS,8747.86001
2016-09,PERSONAL CARE,4374.0
2016-09,PET SUPPLIES,159.0
2016-09,PLAYERS AND ELECTRONICS,306.0
2016-09,POULTRY,8714.73799
2016-09,PREPARED FOODS,2513.602989
2016-09,PRODUCE,68566.5109
2016-09,SCHOOL AND OFFICE SUPPLIES,35.0
2016-09,SEAFOOD,821.417
2016-10,AUTOMOTIVE,131.0
2016-10,BABY CARE,0.0
2016-10,BEAUTY,141.0
2016-10,BEVERAGES,65840.0
2016-10,BOOKS,26.0
2016-10,BREAD/BAKERY,12263.36801
2016-10,CELEBRATION,562.0
2016-10,CLEANING,20424.0
2016-10,DAIRY,22975.0
2016-10,DELI,3931.712004
2016-10,EGGS,4137.0
2016-10,FROZEN FOODS,3036.963
2016-10,GROCERY I,76618.0
2016-10,GROCERY II,567.0
2016-10,HARDWARE,66.0
2016-10,HOME AND KITCHEN I,692.0
2016-10,HOME AND KITCHEN II,919.0
2016-10,HOME APPLIANCES,0.0
2016-10,HOME CARE,5203.0
2016-10,LADIESWEAR,449.0
2016-10,LAWN AND GARDEN,226.0
2016-10,LINGERIE,129.0
2016-10,"LIQUOR,WINE,BEER",3266.0
2016-10,MAGAZINES,210.0
2016-10,MEATS,8975.27702
2016-10,PERSONAL CARE,4221.0
2016-10,PET SUPPLIES,187.0
2016-10,PLAYERS AND ELECTRONICS,328.0
2016-10,POULTRY,9054.99602
2016-10,PREPARED FOODS,2865.964997
2016-10,PRODUCE,75797.48
2016-10,SCHOOL AND OFFICE SUPPLIES,11.0
2016-10,SEAFOOD,932.081
2016-11,AUTOMOTIVE,116.0
2016-11,BABY CARE,0.0
2016-11,BEAUTY,99.0
2016-11,BEVERAGES,65825.0
2016-11,BOOKS,40.0
2016-11,BREAD/BAKERY,11017.19098
2016-11,CELEBRATION,413.0
2016-11,CLEANING,19063.0
2016-11,DAIRY,21520.0
2016-11,DELI,3888.763
2016-11,EGGS,3841.0
2016-11,FROZEN FOODS,3142.568008
2016-11,GROCERY I,75399.0
2016-11,GROCERY II,499.0
2016-11,HARDWARE,70.0
2016-11,HOME AND KITCHEN I,603.0
2016-11,HOME AND KITCHEN II,738.0
2016-11,HOME APPLIANCES,0.0
2016-11,HOME CARE,4934.0
2016-11,LADIESWEAR,441.0
2016-11,LAWN AND GARDEN,213.0
2016-11,LINGERIE,121.0
2016-11,"LIQUOR,WINE,BEER",3086.0
2016-11,MAGAZINES,207.0
2016-11,MEATS,10458.81998
2016-11,PERSONAL CARE,4097.0
2016-11,PET SUPPLIES,173.0
2016-11,PLAYERS AND ELECTRONICS,288.0
2016-11,POULTRY,8817.635
2016-11,PREPARED FOODS,2622.982005
2016-11,PRODUCE,69681.164
2016-11,SCHOOL AND OFFICE SUPPLIES,12.0
2016-11,SEAFOOD,741.8730005
2016-12,AUTOMOTIVE,109.0
2016-12,BABY CARE,0.0
2016-12,BEAUTY,91.0
2016-12,BEVERAGES,72385.0
2016-12,BOOKS,41.0
2016-12,BREAD/BAKERY,11164.869
2016-12,CELEBRATION,619.0
2016-12,CLEANING,21408.0
2016-12,DAIRY,23018.0
2016-12,DELI,4199.67201
2016-12,EGGS,4037.0
2016-12,FROZEN FOODS,12484.673999999999
2016-12,GROCERY I,98078.0
2016-12,GROCERY II,870.0
2016-12,HARDWARE,60.0
2016-12,HOME AND KITCHEN I,723.0
2016-12,HOME AND KITCHEN II,898.0
2016-12,HOME APPLIANCES,0.0
2016-12,HOME CARE,5254.0
2016-12,LADIESWEAR,450.0
2016-12,LAWN AND GARDEN,488.0
2016-12,LINGERIE,132.0
2016-12,"LIQUOR,WINE,BEER",5470.0
2016-12,MAGAZINES,250.0
2016-12,MEATS,9568.281984
2016-12,PERSONAL CARE,4570.0
2016-12,PET SUPPLIES,192.0
2016-12,PLAYERS AND ELECTRONICS,340.0
2016-12,POULTRY,9681.099030000001
2016-12,PREPARED FOODS,2711.576007
2016-12,PRODUCE,74225.484
2016-12,SCHOOL AND OFFICE SUPPLIES,9.0
2016-12,SEAFOOD,731.576001
2017-01,AUTOMOTIVE,107.0
2017-01,BABY CARE,0.0
2017-01,BEAUTY,104.0
2017-01,BEVERAGES,71762.0
2017-01,BOOKS,26.0
2017-01,BREAD/BAKERY,12084.36999
2017-01,CELEBRATION,405.0
2017-01,CLEANING,21153.0
2017-01,DAIRY,23383.0
2017-01,DELI,4030.974
2017-01,EGGS,4225.0
2017-01,FROZEN FOODS,3129.068
2017-01,GROCERY I,80592.0
2017-01,GROCERY II,544.0
2017-01,HARDWARE,50.0
2017-01,HOME AND KITCHEN I,830.0
2017-01,HOME AND KITCHEN II,601.0
2017-01,HOME APPLIANCES,16.0
2017-01,HOME CARE,5863.0
2017-01,LADIESWEAR,398.0
2017-01,LAWN AND GARDEN,545.0
2017-01,LINGERIE,146.0
2017-01,"LIQUOR,WINE,BEER",2614.0
2017-01,MAGAZINES,214.0
2017-01,MEATS,9430.635
2017-01,PERSONAL CARE,5707.0
2017-01,PET SUPPLIES,196.0
2017-01,PLAYERS AND ELECTRONICS,258.0
2017-01,POULTRY,9945.47502
2017-01,PREPARED FOODS,2831.524996
2017-01,PRODUCE,79815.3646
2017-01,SCHOOL AND OFFICE SUPPLIES,7.0
2017-01,SEAFOOD,785.548
2017-02,AUTOMOTIVE,98.0
2017-02,BABY CARE,0.0
2017-02,BEAUTY,97.0
2017-02,BEVERAGES,56504.0
2017-02,BOOKS,17.0
2017-02,BREAD/BAKERY,10433.01304
2017-02,CELEBRATION,376.0
2017-02,CLEANING,17720.0
2017-02,DAIRY,19846.0
2017-02,DELI,3678.93199
2017-02,EGGS,3543.0
2017-02,FROZEN FOODS,2619.384
2017-02,GROCERY I,72062.0
2017-02,GROCERY II,518.0
2017-02,HARDWARE,44.0
2017-02,HOME AND KITCHEN I,519.0
2017-02,HOME AND KITCHEN II,751.0
2017-02,HOME APPLIANCES,20.0
2017-02,HOME CARE,4672.0
2017-02,LADIESWEAR,447.0
2017-02,LAWN AND GARDEN,516.0
2017-02,LINGERIE,155.0
2017-02,"LIQUOR,WINE,BEER",2373.0
2017-02,MAGAZINES,179.0
2017-02,MEATS,8402.94801
2017-02,PERSONAL CARE,4132.0
2017-02,PET SUPPLIES,158.0
2017-02,PLAYERS AND ELECTRONICS,253.0
2017-02,POULTRY,8846.34802
2017-02,PREPARED FOODS,2716.115978
2017-02,PRODUCE,69476.558
2017-02,SCHOOL AND OFFICE SUPPLIES,4.0
2017-02,SEAFOOD,752.4769985
2017-03,AUTOMOTIVE,118.0
2017-03,BABY CARE,0.0
2017-03,BEAUTY,97.0
2017-03,BEVERAGES,70927.0
2017-03,BOOKS,15.0
2017-03,BREAD/BAKERY,12773.988
2017-03,CELEBRATION,498.0
2017-03,CLEANING,22260.0
2017-03,DAIRY,25148.0
2017-03,DELI,4598.343
2017-03,EGGS,4644.0
2017-03,FROZEN FOODS,3417.082
2017-03,GROCERY I,89992.0
2017-03,GROCERY II,698.0
2017-03,HARDWARE,65.0
2017-03,HOME AND KITCHEN I,483.0
2017-03,HOME AND KITCHEN II,764.0
2017-03,HOME APPLIANCES,12.0
2017-03,HOME CARE,5942.0
2017-03,LADIESWEAR,439.0
2017-03,LAWN AND GARDEN,568.0
2017-03,LINGERIE,271.0
2017-03,"LIQUOR,WINE,BEER",3112.0
2017-03,MAGAZINES,238.0
2017-03,MEATS,10593.54695
2017-03,PERSONAL CARE,4560.0
2017-03,PET SUPPLIES,196.0
2017-03,PLAYERS AND ELECTRONICS,297.0
2017-03,POULTRY,9770.58005
2017-03,PREPARED FOODS,2981.4840130000002
2017-03,PRODUCE,82416.7199
2017-03,SCHOOL AND OFFICE SUPPLIES,8.0
2017-03,SEAFOOD,1046.158
2017-04,AUTOMOTIVE,137.0
2017-04,BABY CARE,0.0
2017-04,BEAUTY,74.0
2017-04,BEVERAGES,63306.0
2017-04,BOOKS,13.0
2017-04,BREAD/BAKERY,10710.38498
2017-04,CELEBRATION,467.0
2017-04,CLEANING,18926.0
2017-04,DAIRY,22035.0
2017-04,DELI,4091.378
2017-04,EGGS,4066.0
2017-04,FROZEN FOODS,3110.69799
2017-04,GROCERY I,75612.0
2017-04,GROCERY II,548.0
2017-04,HARDWARE,66.0
2017-04,HOME AND KITCHEN I,536.0
2017-04,HOME AND KITCHEN II,548.0
2017-04,HOME APPLIANCES,13.0
2017-04,HOME CARE,4733.0
2017-04,LADIESWEAR,386.0
2017-04,LAWN AND GARDEN,563.0
2017-04,LINGERIE,256.0
2017-04,"LIQUOR,WINE,BEER",2903.0
2017-04,MAGAZINES,223.0
2017-04,MEATS,9026.498019999999
2017-04,PERSONAL CARE,4006.0
2017-04,PET SUPPLIES,160.0
2017-04,PLAYERS AND ELECTRONICS,247.0
2017-04,POULTRY,8928.51102
2017-04,PREPARED FOODS,2454.309985
2017-04,PRODUCE,73155.6159
2017-04,SCHOOL AND OFFICE SUPPLIES,20.0
2017-04,SEAFOOD,833.826004
2017-05,AUTOMOTIVE,108.0
2017-05,BABY CARE,0.0
2017-05,BEAUTY,100.0
2017-05,BEVERAGES,65277.0
2017-05,BOOKS,11.0
2017-05,BREAD/BAKERY,11065.726
2017-05,CELEBRATION,460.0
2017-05,CLEANING,20968.0
2017-05,DAIRY,22333.0
2017-05,DELI,4031.549
2017-05,EGGS,4172.0
2017-05,FROZEN FOODS,3602.0779860000002
2017-05,GROCERY I,79351.0
2017-05,GROCERY II,781.0
2017-05,HARDWARE,56.0
2017-05,HOME AND KITCHEN I,569.0
2017-05,HOME AND KITCHEN II,609.0
2017-05,HOME APPLIANCES,17.0
2017-05,HOME CARE,5379.0
2017-05,LADIESWEAR,423.0
2017-05,LAWN AND GARDEN,671.0
2017-05,LINGERIE,302.0
2017-05,"LIQUOR,WINE,BEER",2934.0
2017-05,MAGAZINES,220.0
2017-05,MEATS,9690.722
2017-05,PERSONAL CARE,4236.0
2017-05,PET SUPPLIES,203.0
2017-05,PLAYERS AND ELECTRONICS,290.0
2017-05,POULTRY,9922.573974
2017-05,PREPARED FOODS,1864.668006
2017-05,PRODUCE,77619.9378
2017-05,SCHOOL AND OFFICE SUPPLIES,7.0
2017-05,SEAFOOD,877.664
2017-06,AUTOMOTIVE,138.0
2017-06,BABY CARE,0.0
2017-06,BEAUTY,102.0
2017-06,BEVERAGES,68627.0
2017-06,BOOKS,15.0
2017-06,BREAD/BAKERY,10930.863
2017-06,CELEBRATION,501.0
2017-06,CLEANING,20189.0
2017-06,DAIRY,21653.0
2017-06,DELI,4022.358996
2017-06,EGGS,4697.0
2017-06,FROZEN FOODS,3829.336014
2017-06,GROCERY I,84136.0
2017-06,GROCERY II,780.0
2017-06,HARDWARE,69.0
2017-06,HOME AND KITCHEN I,709.0
2017-06,HOME AND KITCHEN II,823.0
2017-06,HOME APPLIANCES,22.0
2017-06,HOME CARE,4964.0
2017-06,LADIESWEAR,409.0
2017-06,LAWN AND GARDEN,553.0
2017-06,LINGERIE,244.0
2017-06,"LIQUOR,WINE,BEER",2963.0
2017-06,MAGAZINES,180.0
2017-06,MEATS,10153.39603
2017-06,PERSONAL CARE,4460.0
2017-06,PET SUPPLIES,208.0
2017-06,PLAYERS AND ELECTRONICS,265.0
2017-06,POULTRY,10133.97208
2017-06,PREPARED FOODS,1953.529004
2017-06,PRODUCE,77574.125
2017-06,SCHOOL AND OFFICE SUPPLIES,0.0
2017-06,SEAFOOD,782.926998
2017-07,AUTOMOTIVE,147.0
2017-07,BABY CARE,0.0
2017-07,BEAUTY,103.0
2017-07,BEVERAGES,67169.0
2017-07,BOOKS,7.0
2017-07,BREAD/BAKERY,10411.14704
2017-07,CELEBRATION,481.0
2017-07,CLEANING,20313.0
2017-07,DAIRY,21265.0
2017-07,DELI,4133.424004
2017-07,EGGS,4254.0
2017-07,FROZEN FOODS,3844.2050090000002
2017-07,GROCERY I,77898.0
2017-07,GROCERY II,684.0
2017-07,HARDWARE,54.0
2017-07,HOME AND KITCHEN I,726.0
2017-07,HOME AND KITCHEN II,724.0
2017-07,HOME APPLIANCES,20.0
2017-07,HOME CARE,5654.0
2017-07,LADIESWEAR,408.0
2017-07,LAWN AND GARDEN,624.0
2017-07,LINGERIE,192.0
2017-07,"LIQUOR,WINE,BEER",2626.0
2017-07,MAGAZINES,192.0
2017-07,MEATS,9284.757994
2017-07,PERSONAL CARE,4350.0
2017-07,PET SUPPLIES,150.0
2017-07,PLAYERS AND ELECTRONICS,247.0
2017-07,POULTRY,10402.35499
2017-07,PREPARED FOODS,1981.905
2017-07,PRODUCE,74820.5569
2017-07,SCHOOL AND OFFICE SUPPLIES,0.0
2017-07,SEAFOOD,769.7220027
2017-08,AUTOMOTIVE,71.0
2017-08,BABY CARE,0.0
2017-08,BEAUTY,59.0
2017-08,BEVERAGES,29652.0
2017-08,BOOKS,0.0
2017-08,BREAD/BAKERY,4592.799
2017-08,CELEBRATION,157.0
2017-08,CLEANING,8825.0
2017-08,DAIRY,9088.0
2017-08,DELI,1741.286
2017-08,EGGS,1876.0
2017-08,FROZEN FOODS,1826.62599
2017-08,GROCERY I,33823.0
2017-08,GROCERY II,260.0
2017-08,HARDWARE,24.0
2017-08,HOME AND KITCHEN I,385.0
2017-08,HOME AND KITCHEN II,352.0
2017-08,HOME APPLIANCES,0.0
2017-08,HOME CARE,2365.0
2017-08,LADIESWEAR,196.0
2017-08,LAWN AND GARDEN,254.0
2017-08,LINGERIE,130.0
2017-08,"LIQUOR,WINE,BEER",1331.0
2017-08,MAGAZINES,95.0
2017-08,MEATS,4350.71998
2017-08,PERSONAL CARE,2404.0
2017-08,PET SUPPLIES,61.0
2017-08,PLAYERS AND ELECTRONICS,119.0
2017-08,POULTRY,4074.97704
2017-08,PREPARED FOODS,879.750997
2017-08,PRODUCE,34105.3382
2017-08,SCHOOL AND OFFICE SUPPLIES,0.0
2017-08,SEAFOOD,410.406998
